keyword,volume,cpc_low_sek,cpc_high_sek
temu paraguay,9900,0.21,3.97
aduana paraguay,8100,4.53,9.49
paraguay aduana,8100,4.53,9.49
shein paraguay,6600,0.08,0.20
courier en paraguay,5400,1.99,5.63
courier paraguay,5400,1.99,5.63
amazon en paraguay,4400,1.37,8.14
amazon paraguay,4400,1.37,8.14
aliexpress paraguay,2400,0.30,4.17
paypal en paraguay,2400,1.67,3.77
paypal paraguay,2400,1.67,3.77
paypal py,2400,1.67,3.77
centro de despachantes de aduanas del paraguay,1600,,
ebay paraguay,1300,1.17,6.45
aduana argentina paraguay,880,,
alibaba en paraguay,720,0.22,7.54
alibaba paraguay,720,0.22,7.54
aduana clorinda,480,,
alexa precio paraguay,390,0.10,0.70
aduana py,320,,
compras online paraguay,320,2.29,18.44
payoneer paraguay,320,3.27,14.29
paypal funciona en paraguay,320,,
wise paraguay,320,3.18,13.11
importadoras del paraguay,210,2.97,9.13
importadoras en paraguay,210,2.97,9.13
aduana asuncion,170,,
shein py,170,0.08,0.16
centro despachante de aduana del paraguay,140,,
aduana paraguay en vivo,110,,
como importar de china a paraguay,110,2.02,8.84
despachante de aduana paraguay,110,3.07,6.46
shein paraguay precio,110,0.08,0.10
camara aduana paraguaya,90,,
1688 com en español,70,1.12,5.68
amazon prime paraguay,70,,
cdap paraguay,70,,
como comprar en temu desde paraguay,70,,
empresas de courier en paraguay,70,2.47,7.03
feria de canton,70,2.88,5.65
feria de canton 2026,70,1.49,3.87
feria de guangzhou,70,2.88,5.65
importar de china a paraguay,70,2.44,10.42
payoneer funciona en paraguay,70,,
puente san ignacio de loyola,70,,
amazon paraguay compras,50,0.49,6.55
despacho aduanero paraguay,50,2.65,6.82
forwarder paraguay,50,3.96,12.25
mejores tiendas online paraguay,50,1.02,10.72
se puede usar paypal en paraguay,50,,
venta online paraguay,50,1.27,7.34
aduana de encarnación,40,,
aduana de paraguay,40,,
aliexpress py,40,0.40,3.97
alternativas a paypal en paraguay,40,1.39,3.37
clorinda aduana,40,,
courier china paraguay,40,2.00,5.82
dirección nacional de aduanas paraguay,40,,
feria canton,40,2.98,5.32
lista de despachantes de aduana paraguay,40,3.20,7.93
mejor courier paraguay,40,,
paypal paraguay recibir dinero,40,,
servicio de courier paraguay,40,1.80,5.21
shein en paraguay,40,0.08,4.92
aduana de ciudad del este,30,,
aduana de encarnacion paraguay,30,,
aduana paraguay teléfono,30,,
alibaba com paraguay,30,0.25,16.35
auxiliar de despachante de aduana paraguay,30,,
compras por internet paraguay,30,2.09,23.51
courier brasil paraguay,30,3.35,4.96
courier internacional paraguay,30,2.19,5.03
empresas de transporte internacional en paraguay,30,,
fletes internacionales paraguay,30,3.90,6.55
precio de despacho aduanero en paraguay,30,,
proveedores chinos,30,3.55,12.78
proveedores desde china,30,3.55,12.79
www 1688 com español,30,1.28,8.41
1688 en español,20,1.04,9.02
aduana de clorinda,20,,
aduana paraguay brasil,20,,
china importar,20,1.28,5.54
como ser importador en paraguay,20,,
despachos aduaneros paraguay,20,,
empresa de courier paraguay,20,,
envios de china a paraguay,20,1.91,6.30
feria de canton china,20,1.61,3.87
importacion de china,20,1.45,7.44
importacion desde china,20,1.28,5.54
importar china,20,1.28,5.54
importar de china,20,1.45,7.44
importar desde china,20,1.28,5.54
importar desde china a paraguay,20,2.55,12.01
importar en china,20,1.28,5.54
paraguay courier miami,20,,
proveedores de china,20,1.65,12.00
shein hace envíos a paraguay,20,,
shein llega a paraguay,20,,
transporte internacional paraguay,20,3.48,6.24
viajar a china,20,0.42,2.01
1688 app en español,10,,
1688 com español,10,,
1688 español,10,,
aduana argentina clorinda,10,,
aduana asuncion paraguay,10,,
aduana clorinda formosa,10,,
aduana encarnacion paraguay,10,,
aduana falcon paraguay,10,,
aduana online paraguay,10,,
aduana paraguay camara,10,,
aduana paraguay encarnación,10,,
aduana paraguay noticias,10,,
aduana paraguaya encarnación,10,,
aduana paraguaya josé falcón,10,,
aduanas china,10,,
aduanas de china,10,,
agente de compras china argentina,10,,
agente de compras en china,10,2.92,12.00
agente de envio en china,10,,
agente de envío en china,10,,
agente para importar de china,10,,
agentes de compras en china,10,5.23,7.91
agentes de importacion en china,10,,
alibaba 1688 en español,10,,
alibaba china importaciones,10,,
alibaba importar de china,10,,
alibaba paraguay como funciona,10,0.93,10.02
alibaba paraguay contacto,10,,
alibaba paraguay en español,10,,
alibaba paraguay telefono,10,,
alibaba proveedores,10,,
alibaba proveedores confiables,10,,
alibaba py,10,0.87,8.83
articulos para importar de china,10,,
boleto a china,10,0.44,1.09
boleto a china precio,10,,
boleto de avion a china,10,,
boleto de avion a china precio,10,,
boleto de avión a china,10,,
boletos a china,10,0.44,1.09
boletos de avion para china,10,,
boletos para china,10,,
boletos para ir a china,10,,
centro de despachantes de aduana paraguay,10,,
china contenedores,10,,
china luna de miel,10,,
china que visitar,10,,
china viajes organizados,10,,
chino mayorista bazar,10,,
civitatis china,10,,
clasificacion arancelaria mercosur,10,,
como importar de china a bolivia,10,,
como importar desde china a paraguay,10,1.80,8.24
como importar productos de china a paraguay,10,2.01,12.31
como traer productos de china a paraguay,10,1.99,5.44
compartir contenedor desde china,10,,
compra de productos chinos al por mayor,10,,
compra online en paraguay,10,,
comprar al mayor en china,10,,
comprar al por mayor en china,10,,
comprar cosas chinas por mayoreo,10,,
comprar cosas de china al por mayor,10,,
comprar cosas en china para vender,10,,
comprar de alibaba a paraguay,10,,
comprar en alibaba desde paraguay,10,,
comprar mayoreo en china,10,,
comprar productos en china al por mayor,10,,
comprar ropa china al por mayor,10,,
comprar ropa en china al por mayor,10,,
consulado chino en argentina,10,,
contactos para importar desde china,10,,
contenedor compartido desde china,10,,
contenedor desde china,10,,
contenedores de china,10,,
cosas baratas para importar de china,10,,
cosas de china para vender,10,,
cosas para importar de china,10,,
cosas que se pueden importar de china,10,,
curso de despachante de aduana paraguay,10,,
curso de despachante de aduana paraguay 2021,10,,
curso despachante de aduana paraguay,10,0.87,3.08
cursos para despachante de aduana paraguay,10,,
cómo importar de china a bolivia,10,,
despachante paraguay,10,,
despacho de aduanas paraguay,10,,
dhl courier paraguay,10,,
dia del despachante de aduana en paraguay,10,,
direccion nacional de aduanas py,10,,
distribuidores chinos,10,,
dna aduana paraguay,10,,
embajada china en argentina visa,10,,
embajada de china en argentina,10,,
empresas para importar de china,10,,
empresas para importar desde china,10,3.91,17.49
encontrar proveedores en china,10,,
entrar a china,10,,
es seguro viajar a china,10,,
esim china,10,,
esim para china,10,,
excursiones shanghai,10,,
fabricas de china al por mayor,10,,
feria canton china,10,1.93,7.62
feria canton china 2023,10,,
feria de canton 2026 fechas,10,,
flete maritimo china paraguay,10,,
flete marítimo china paraguay,10,,
fletes desde china,10,,
freight forwarder paraguay,10,3.44,10.96
holafly china,10,8.55,34.33
https www 1688 com español,10,,
importacion de china a paraguay,10,,
importacion de muebles desde china,10,,
importacion de productos de china,10,,
importacion de telas desde china,10,,
importacion y exportacion de china,10,,
importadoras en asuncion,10,,
importadoras en asunción,10,,
importar al por mayor desde china,10,,
importar articulos de china,10,,
importar autos a argentina,10,,
importar barato desde china,10,,
importar calzado de china,10,,
importar celulares de china,10,,
importar container desde china,10,,
importar contenedores desde china,10,,
importar cosas de china,10,,
importar de china a argentina,10,,
importar de china a usa,10,,
importar de china alibaba,10,,
importar desde china a argentina,10,,
importar directo de china,10,,
importar juguetes de china,10,,
importar juguetes desde china,10,,
importar llantas de china,10,,
importar maquinaria de china,10,,
importar mercaderia de china,10,,
importar moto desde china,10,,
importar papeleria de china,10,,
importar productos de china,10,3.45,12.77
importar productos de china a argentina,10,,
importar productos desde china,10,,
importar repuestos de autos desde china,10,,
importar ropa de china,10,0.57,13.93
importar ropa desde china,10,,
importar telas de china,10,,
importar telas desde china,10,,
importar zapatillas de china,10,,
importar zapatillas desde china,10,,
importar zapatos de china,10,,
importar zapatos desde china,10,,
instituto de despachante de aduana paraguay,10,,
ir a china,10,,
juguetes china importacion,10,,
la feria de canton,10,,
luna de miel en china,10,,
mayoreo china,10,,
mayoristas en china,10,,
mejor epoca para ir a china,10,,
mejor epoca para viajar a china,10,,
mejor epoca para viajar a shanghai,10,,
mejor epoca para visitar china,10,,
mejor fecha para viajar a china,10,,
mejor mes para viajar a china,10,,
mejor temporada para viajar a china,10,,
mejores productos para importar de china,10,,
mercaderia de china,10,,
mercancía china,10,,
nomenclador arancelario mercosur,10,,
nomenclador comun del mercosur,10,,
nomenclatura arancelaria del mercosur,10,,
nomenclatura arancelaria mercosur,10,,
nomenclatura comun del mercosur 2022,10,,
nomenclatura común del mercosur 2022,10,,
nomenclatura común del mercosur ncm,10,,
nomenclatura mercosur,10,,
numero de aduana paraguay,10,,
pagina de compras online paraguay,10,,
pagina para importar de china,10,,
paginas de proveedores chinos,10,,
paginas para comprar mayoreo en china,10,,
paginas para comprar online en paraguay,10,,
paginas para comprar por internet en paraguay,10,,
paquete viaje china,10,,
paquetes a china todo incluido,10,,
paquetes de viaje a china,10,,
paquetes turisticos a china,10,,
paquetes turisticos china,10,,
para ir a china,10,,
para viajar a china,10,,
para viajar a china que se necesita,10,,
paso fronterizo san ignacio de loyola,10,,
pasos para importar de china,10,,
pasos para importar desde china,10,,
pekin que ver,10,,
politex paraguay,10,,
posicion arancelaria mercosur,10,,
precio de un viaje a china,10,,
precio para viajar a china,10,,
productos de china al por mayor,10,,
productos en china para importar,10,,
productos novedosos de china,10,,
productos novedosos para importar de china,10,,
productos para importar de china,10,1.44,10.56
productos para importar desde china,10,,
productos que se puede importar de china,10,,
proveedor chino ropa,10,,
proveedores chinos al por mayor,10,,
proveedores chinos confiables,10,,
proveedores chinos de ropa,10,1.90,12.00
proveedores chinos de ropa de mujer,10,,
proveedores chinos para importar,10,,
proveedores de china confiables,10,,
proveedores de china para importar,10,,
proveedores de cosas chinas,10,,
proveedores de productos chinos,10,,
proveedores directos de china,10,,
proveedores mayoristas chinos,10,,
proveedores mercado chino,10,,
proveedores para importar de china,10,,
página 1688 en español,10,,
página para importar de china,10,,
páginas para comprar en china al por mayor,10,,
que conocer en china,10,,
que ver china,10,,
que ver en beijing,10,,
que ver en chengdu,10,,
que ver en china,10,,
que ver en shanghai,10,,
que ver en shenzhen,10,,
que ver en yunnan,10,,
que visitar en pekin,10,,
que visitar en taiwan,10,,
quiero importar de china,10,,
quiero ir a china,10,,
quiero viajar a china,10,,
regimen de turismo paraguay,10,,
regímenes aduaneros paraguay,10,,
requisitos para importar de china a argentina,10,,
requisitos para importar de china a bolivia,10,,
requisitos para importar de china a paraguay,10,,
requisitos para la visa china,10,,
requisitos visa china,10,,
ropa de china al por mayor,10,,
ropa de importacion china,10,0.57,13.93
se puede entrar a china,10,,
se puede viajar a china,10,,
servicio de importación desde china,10,,
shanghai que ver,10,,
shenzhen que ver,10,,
taiwan viaje,10,0.23,0.89
temporada baja para viajar a china,10,,
tienda alibaba en paraguay,10,,
tienda china mayoreo,10,,
tiendas chinas al por mayor,10,,
tiendas de china por mayoreo,10,,
tiendas en china al por mayor,10,,
tiendas mayoristas en china,10,,
tour a china,10,,
tour en china,10,,
tour por china,10,,
traer container de china,10,,
traer contenedor de china,10,,
traer productos de china a paraguay,10,,
traer productos desde china,10,,
traer ropa de china,10,,
transporte terrestre internacional paraguay,10,2.41,7.87
tributos aduaneros paraguay,10,,
un viaje a china,10,,
vacaciones de verano en china,10,,
vacaciones en china,10,,
viajando por china,10,,
viajar a china para importar,10,,
viajar en china,10,,
viaje a china 10 dias,10,,
viaje a china 15 dias,10,,
viaje a china avion,10,,
viaje a china en avion,10,,
viaje a china feria de canton,10,,
viaje a china organizado,10,,
viaje a china precio,10,,
viaje a la feria de canton,10,,
viaje de china,10,,
viaje de negocios a china,10,,
viajes a china baratos,10,,
viajes a china organizados,10,,
viajes a china paquetes,10,,
viajes a china todo incluido,10,,
viajes a shanghai,10,,
viajes baratos china,10,,
viajes en china,10,,
viajes para china,10,,
visa china argentinos,10,,
visa china requisitos,10,,
visa de negocios china,10,,
visa para china desde paraguay,10,,
visado negocios china,10,,
visitar china,10,,
whatsapp de proveedores chinos,10,,
www 1688 com en español,10,,
www aduana paraguay,10,,
billete a china,0,,
boletos de avion para china precios,0,,
boletos para viajar a china,0,,
china de viaje,0,,
china en 15 dias,0,,
civitatis pekin,0,,
como importar autos de china a bolivia,0,,
como traer mercaderia de china a bolivia,0,,
cosas que ver en china,0,,
curso de despachante de aduana paraguay 2020,0,,
curso de despachante de aduana paraguay 2022,0,,
guia de viaje china,0,,
importar zapatillas de china a argentina,0,,
logitravel china,0,,
mejor epoca para viajar a pekin,0,,
mercadería china por mayor en argentina,0,,
mi viaje a china,0,,
ncm posicion arancelaria,0,,
precio de boleto a china,0,,
puedo viajar a china,0,,
puedo viajar a china sin visa,0,,
que ver en china en 10 dias,0,,
seguro de viaje china,0,,
traer cosas de china a argentina,0,,
viajar a china 2023,0,,
viajes a china 2023,0,,
visa de turismo china,0,,
zimbra aduana paraguay,0,,
